external_id,sku,name,description,promotional,in_wape_universe,qty_total_2025
pepes-prod-20847,211,GELATINA PROMOCION SEMANA SANTA,Gelatina de promocion semana santa,true,false,58822
pepes-prod-63,60,MINI MED CHOCOLATE,MINI MEDIANO CHOCOLATE,false,true,28665
pepes-prod-64,61,MINI PASTELITO CHOCOLATE,MINI PASTELITO CHOCOLATE,false,true,27053
pepes-prod-61,58,MINI MED PINERO,MINI MEDIANO PIÑERO,false,true,26703
pepes-prod-52,48,GELATINA IND FRESA,GELATINA IND FRESA,false,true,25788
pepes-prod-62,59,MINI PASTELITO PINERO,MINI PASTELITO PIÑERO,false,true,22593
pepes-prod-87,01,MOKA GDE,MOKA GDE,false,true,15836
pepes-prod-53,49,GELATINA IND MOSAICO,GELATINA IND MOSAICO,false,true,15765
pepes-prod-170872,01m,MOKA MED,MOKA MEDIANO,false,true,14659
pepes-prod-20856,23n,FRUTAS MED,FRUTAS MED,false,true,13196
pepes-prod-4,03,FRUTAS GDE,FRUTAS GDE,false,true,13087
pepes-prod-27,23,MOKA CH,MOKA CH,false,true,12879
pepes-prod-24,20,FRUTAS CH,FRUTAS CH,false,true,12021
pepes-prod-66,63,CHESSECAKE PETIT,CHESSECAKE PETIT,false,true,11556
pepes-prod-11,07,CHOCOLATE GDE,CHOCOLATE GDE,false,true,11299
pepes-prod-20857,24n,CHOCOLATE MED,CHOCOLATE MED,false,true,11035
pepes-prod-750953,PI02,PETIT 3 LECHES CHOCOLATE,PETIT 3 LECHES CHOCOLATE,false,true,10715
pepes-prod-330,10b,GELATINA PROMO $90,GELATINA PROMO $90,true,false,10336
pepes-prod-20714,c3l,CAJITA 3 LECHES,CAJITA DE TRES LECHES,false,true,10182
pepes-prod-29,25,CHOCOLATE CH,CHOCOLATE CH,false,true,9939
pepes-prod-436,197,1 4 KG GALLETA,1/4 Kg de GALLETA,false,true,9550
pepes-prod-260914,01ge,GELATINA FRESA $150,GELATINA FRESA $150,false,true,9282
pepes-prod-58,55,PAY GUAYABA GDE,PAY DE GUAYABA GDE,false,true,9205
pepes-prod-439,197A,1 2 KG GALLETA,1/2 kg DE GALLETA,false,true,8905
pepes-prod-200892,06m,DUO DURAZNO MED,DUO DURAZNO MEDIANO,false,true,8859
pepes-prod-750952,PI01,PETIT 3 LECHES PINERO,PETIT 3 LECHES PIÑERO,false,true,8096
pepes-prod-200891,04m,3 LECHES MED,TRES LECHES MEDIANO,false,true,8076
pepes-prod-3,02,PINA GDE,PIÑA GDE,false,true,8033
pepes-prod-72,69,PETIT DECORADO,PETIT DECORADO,false,true,7990
pepes-prod-40,36,M & M GDE,M & M GDE,false,true,7788
pepes-prod-21,17,DURAZNO CH,DURAZNO CH,false,true,7774
pepes-prod-17,13,DUO DURAZNO GDE,DUO DURAZNO GDE,false,true,7699
pepes-prod-157,001t,TARTALETA,tartaleta,false,true,7677
pepes-prod-200893,07m,M & M MED,M & M MEDIANO,false,true,7659
pepes-prod-10,06,3 LECHES GDE,3 LECHES GDE,false,true,7530
pepes-prod-13,09,NUTELA GDE,NUTELA GDE,false,true,7366
pepes-prod-8,04,DURAZNO GDE,DURAZNO GDE,false,true,7360
pepes-prod-70,67,ZANAHORIA PETIT,ZANAHORIA PETIT,false,true,7319
pepes-prod-32,28,NUTELA CH,NUTELA CH,false,true,7300
pepes-prod-23,19,3 LECHES CH,3 LECHES CH,false,true,7236
pepes-prod-20,16,PINA CH,PIÑA CH,false,true,7187
pepes-prod-380931,03j,JERICALLA UN CUARTO $45,JERICALLA UN CUARTO $45,false,true,6890
pepes-prod-92,87,M & M CH,M & M CH,false,true,6883
pepes-prod-49,45,GELATINA MOSAICO CH,GELATINA MOSAICO CH,false,true,6813
pepes-prod-20482,F011,VASO ARROZ,VASO DE ARROZ,false,true,6750
pepes-prod-78,75,FLAN EN VASO,FLAN EN VASO,false,true,6297
pepes-prod-65,62,CHESSECAKE MINIMED,CHESSECAKE MINIMED,false,true,5985
pepes-prod-22,18,FRESA CH,FRESA CH,false,true,5948
pepes-prod-33,29,ZANAHORIA CH,ZANAHORIA CH,false,true,5938
pepes-prod-34,30,3 LECHES QUESO GDE,3 LECHES QUESO GDE,false,true,5754
pepes-prod-20494,11C,PAN MUERTO IND AZUCAR 50GR,PAN MUERTO IND AZUCAR 50GR,false,false,5741
pepes-prod-250912,08m,PINA MED,PIÑA MED,false,true,5717
pepes-prod-57,54,PAY FRESA GDE,PAY DE FRESA GDE,false,true,5636
pepes-prod-20803,30ch,3 LECHES QUESO CH,3 LECHES QUESO CH,false,true,5628
pepes-prod-44,40,GELATINA FRESA GDE,GELATINA FRESA GDE,false,true,5567
pepes-prod-20737,015b,BOCADITO PEPE 15 PIEZAS,BOCADITO PEPE 15 PIEZAS,false,true,5459
pepes-prod-41,37,CHESSECAKE GDE,CHESSECAKE GDE,false,true,5258
pepes-prod-48,44,GELATINA MOSAICO GDE,GELATINA MOSAICO GDE,false,true,5132
pepes-prod-77,74,VAINILLA NATURAL,VAINILLA NATURAL,false,true,4874
pepes-prod-182,F100,PALETA GALLETA $35,PALETA GALLETA $35,false,true,4665
pepes-prod-19,15,ZANAHORIA GDE,ZANAHORIA GDE,false,true,4311
pepes-prod-20770,n02,RED VELVET CHESSECAKE MINI MED,RED VELVET CHEESE CAKE MINI MEDIANO,false,true,4308
pepes-prod-221,99,TRUFAS CON 9,TRUFAS CON 9,false,true,4255
pepes-prod-73,70,PLANCHA VAINILLA,PLANCHA DE VAINILLA,false,true,3773
pepes-prod-184,91,VAINILLA MARMOLEADO,VAINILLA MARMOLEADO,false,true,3755
pepes-prod-20769,n01,RED VELVET CHESSECAKE GDE,RED VELVET CHEESE CAKE GDE,false,true,3745
pepes-prod-20801,32ch,CHOCOQUESO CH,CHOCOQUESO CH,false,true,3656
pepes-prod-810971,01pg,GALLETA POLVORON BOLSA,GALLETA POLVORON BOLSA,false,true,3145
pepes-prod-860975,04BT,GALLETA ATE BOLSA,GALLETA ATE BOLSA TIENDITA,false,true,3142
pepes-prod-860974,03BT,GALLETA ALFAJOR BOLSA,GALLETA ALFAJOR BOLSA TIENDITA,false,true,3112
pepes-prod-860972,01BT,GALLETA POLVORON BOLSA,GALLETA BOLSA POLVORON TIENDITA,false,true,3084
pepes-prod-67,64,CHOCOFLAN MINI MED,CHOCOFLAN MINI MEDIANO,false,true,3082
pepes-prod-36,32,CHOCOQUESO,CHOCOQUESO,false,true,2993
pepes-prod-20802,31ch,SELVA NEGRA CH,SELVA NEGRA CH,false,true,2878
pepes-prod-20854,21n,PLANCHA 1 4,PLANCHA 1/4,false,true,2749
pepes-prod-185,92,VAINILLA NARANJA,VAINILLA NARANJA,false,true,2699
pepes-prod-810974,04PG,GALLETA ATE BOLSA,GALLETA ATE BOLSA,false,true,2448
pepes-prod-810973,03PG,GALLETA ALFAJOR BOLSA,GALLETA ALFAJOR BOLSA,false,true,2302
pepes-prod-81,78,ROSCA C CAJETA,ROSCA C/CAJETA,false,true,2003
pepes-prod-810972,02PG,GALLETA CORAZON CHOCO BOLSA,GALLETA CORAZON CHOCO BOLSA,false,true,1962
pepes-prod-760958,221,CAJITA FELIZ,CAJITA FELIZ,false,true,1735
pepes-prod-75,72,BOLLOS C 4,BOLLOS C/4,false,true,1583
pepes-prod-320,11b,PAN MUERTO IND RELLENO NUTELLA 100gr,PAN MUERTO IND RELLENO NUTELLA 100gr,false,false,1037
pepes-prod-376,C002,CAPIROTADA LECHE IND,CAPIROTADA DE LECHE IND,false,true,987
pepes-prod-413,185,PAY QUESO,PAY DE QUESO,false,true,973
pepes-prod-228,F002,DOMO GALLETA DORADITA CAJETA,DOMO GALLETA DORADITA DE CAJETA,false,true,883
pepes-prod-800972,F013,DOMO GALLETAS EMPANADAS,DOMO DE GALLETAS EMPANADAS,false,true,775
pepes-prod-76,73,BOLLOS C 6,BOLLOS C/6,false,true,733
pepes-prod-750951,C009,CAPIROTADA TRADICIONAL CON PILONCILLO,CAPIROTADA TRADICIONAL CON PILONCILLO,false,true,727
pepes-prod-20767,11D,PAN DE MUERTO IND RELLENO CAJETA 100GR,PAN DE MUERTO IND RELLENO CAJETA 100GR,false,false,727
pepes-prod-800971,F014,DOMO GALLETAS OREJITAS,DOMO DE GALLETAS OREJITAS,false,true,722
pepes-prod-112,90,CHAROLA C/8 PAN DE MUERTO,CHAROLA C/8 PAN DE MUERTO,false,false,651
pepes-prod-940982,235,PASTEL FRUTOS ROJOS 3 LECH PETIT,PASTEL DE FRUTOS ROJOS 3 LECH PETIT,false,true,578
pepes-prod-265,F104,CAJA BROWNIES CON 4 PIEZAS,CAJA DE BROWNIES CON 4 PIEZAS,false,true,566
pepes-prod-170875,05m,CHESSECAKE FRUTAL GDE,CHEESECAKE FRUTAL GDE,false,true,521
pepes-prod-190879,11f,HUESITOS PAN DE MUERTO,HUESITOS PAN DE MUERTO,false,false,488
pepes-prod-20755,h05,CALAVERA CHOCOLATE,CALAVERA CHOCOLATE,false,false,451
pepes-prod-530941,90b,DEDOS DE BRUJA,DEDOS DE BRUJA,false,false,448
pepes-prod-190882,C3LC,CAJITA 3 LECHES CALABAZA,CAJITA 3 LECHES CALABAZA,false,false,422
pepes-prod-730945,326,RAMO FLORAL 12CM 3 CAPAS,CASERO DE PAPÁ,false,true,408
pepes-prod-940980,233,PASTEL FRUTOS ROJOS 3 LECH MED,PASTEL DE FRUTOS ROJOS 3 LECH MED,false,true,384
pepes-prod-325,17A,PAN MUERTO RELLENO NUTELLA GDE 250GR,PAN MUERTO RELLENO NUTELLA GDE 250GR,false,false,281
pepes-prod-324,15B,PAN MUERTO AZUCAR GDE 250GR,PAN MUERTO AZUCAR GDE 250GR,false,false,268
pepes-prod-20766,17C,PAN DE MUERTO RELLENO CAJETA GDE 250GR,PAN DE MUERTO RELLENO CAJETA GDE 250GR,false,false,267
pepes-prod-190885,T01,FERRERO CORAZON CH,FERRERO CORAZON CH,false,true,262
pepes-prod-220909,05VA,CORAZON BROWNIE,CORAZON DE BROWNIE,false,true,221
pepes-prod-154,F105,PASTEL PRINCESA CORAZON CH,PASTEL PRINCESA CORAZON CH,false,true,207
pepes-prod-20751,h01,PAY DE CALABAZA GDE,PAY DE CALABAZA GDE,false,false,204
pepes-prod-20753,h03,PANQUE DE CALABAZA,PANQUE DE CALABAZA,false,false,204
pepes-prod-530942,90CA,PASTEL DE CALABAZA CHICO,PASTEL DE CALABAZA CHICO,false,false,168
pepes-prod-1130984,251,TARTALETA UVA,Tartaleta uva,false,true,68
pepes-prod-1130983,250,MINI MED UVA,Mini mediano uva,false,true,66
pepes-prod-234,015f,PETIT CASERO FIGURITA,PETIT CASERO FIGURITA,false,true,40
